"Table 1: Number of suicides [note 1] by local authority, England and Wales, deaths registered 2001 to 2022",,,,,,,,,,,,,,,,,,,,,,,,,
This worksheet contains one table.,,,,,,,,,,,,,,,,,,,,,,,,,
Some cells refer to notes which can be found on the 'Notes' worksheet.,,,,,,,,,,,,,,,,,,,,,,,,,
The table contains some blank cells due to the layout of the geographical areas.,,,,,,,,,,,,,,,,,,,,,,,,,
"Area Code 
[note 2]","Country or Region 
[note 2]","County or Unitary Authority 
[note 2]","Local Authority District 
[note 2]",2022,2021,2020,2019,2018,2017,2016,2015,2014,2013,2012,2011,2010,2009,2008,2007,2006,2005,2004,2003,2002,2001
K04000001,England and Wales,,,"5,642","5,583","5,224","5,691","5,420","4,840","4,941","5,199","5,158","5,145","4,887","4,880","4,519","4,677","4,595","4,313","4,507","4,705","4,874","4,798","4,758","4,896"
E92000001,England,,,"5,284","5,219","4,912","5,316","5,021","4,451","4,575","4,820","4,882","4,727","4,513","4,518","4,202","4,392","4,288","3,999","4,178","4,410","4,513","4,430","4,436","4,557"
E12000001,North East,,,299,328,306,266,287,248,244,247,305,295,246,273,235,237,232,217,228,242,295,272,239,248
E06000047,,County Durham,,68,90,67,60,69,56,51,59,64,92,46,66,60,55,58,40,36,50,44,53,46,43
E06000005,,Darlington,,11,24,10,13,12,13,11,14,11,14,7,10,10,15,10,6,9,14,10,12,6,17
E06000001,,Hartlepool,,9,13,13,10,8,8,13,7,5,7,12,12,7,9,1,7,4,7,7,11,14,8
E06000002,,Middlesbrough,,24,13,25,16,15,18,21,14,28,17,16,17,10,10,15,19,11,14,27,32,18,17
E06000057,,Northumberland,,31,39,22,34,37,30,24,28,38,39,34,33,26,31,21,34,39,32,55,29,30,25
E06000003,,Redcar and Cleveland,,17,21,25,23,12,12,12,10,19,8,11,14,11,18,10,19,12,19,10,20,15,13
E06000004,,Stockton-on-Tees,,25,16,22,14,21,10,17,20,32,16,16,19,14,16,17,14,19,15,27,20,15,15
E11000007,,Tyne and Wear (Met County),,114,112,122,96,113,101,95,95,108,102,104,102,97,83,100,78,98,91,115,95,95,110
E08000037,,,Gateshead,18,16,23,12,12,13,21,17,14,15,12,11,10,14,11,14,15,17,12,14,13,16
E08000021,,,Newcastle upon Tyne,30,32,30,23,35,21,22,21,34,29,25,27,16,19,18,17,30,15,37,37,36,31
E08000022,,,North Tyneside,23,25,13,21,26,23,21,25,23,14,28,26,23,26,33,19,17,23,23,22,14,22
E08000023,,,South Tyneside,14,11,11,10,11,12,10,8,12,20,7,9,12,7,10,7,8,7,10,7,7,14
E08000024,,,Sunderland,29,28,45,30,29,32,21,24,25,24,32,29,36,17,28,21,28,29,33,15,25,27
E12000002,North West,,,821,825,643,709,682,634,661,674,727,716,704,675,616,706,614,638,636,678,636,637,641,719
E06000008,,Blackburn with Darwen,,20,13,15,10,11,12,14,20,12,13,15,22,18,15,11,18,14,11,21,15,21,18
E06000009,,Blackpool,,19,21,21,25,17,16,18,17,22,20,19,16,17,13,21,18,26,27,5,24,29,33
E06000049,,Cheshire East,,27,46,20,34,37,28,21,35,50,30,24,33,22,39,27,27,35,28,29,18,28,27
E06000050,,Cheshire West and Chester,,38,43,29,28,27,22,29,31,28,34,30,24,31,32,34,24,25,24,25,30,28,26
E06000006,,Halton,,12,11,9,14,13,12,13,7,5,18,8,10,11,11,9,15,13,15,9,15,12,8
E06000007,,Warrington,,16,14,11,26,14,16,11,20,24,25,15,15,11,13,15,18,18,14,17,10,20,26
E10000006,,Cumbria,,73,67,70,62,51,44,70,46,52,55,58,49,47,52,39,59,49,57,64,58,53,42
E07000026,,,Allerdale,18,10,10,19,10,7,16,5,8,6,8,11,10,17,9,14,9,11,7,11,13,4
E07000027,,,Barrow-in-Furness,7,9,14,10,11,9,8,9,9,6,7,7,2,5,6,2,3,8,10,11,12,6
E07000028,,,Carlisle,20,18,15,11,9,13,16,12,11,14,7,12,14,13,6,16,13,17,21,10,11,14
E07000029,,,Copeland,13,8,14,11,6,7,11,9,5,9,16,12,5,4,9,11,12,7,6,8,9,8
E07000030,,,Eden,9,7,10,2,2,3,6,4,4,7,4,1,8,2,3,6,2,4,10,6,0,2
E07000031,,,South Lakeland,6,15,7,9,13,5,13,7,15,13,16,6,8,11,6,10,10,10,10,12,8,8
E11000001,,Greater Manchester (Met County),,317,301,201,249,257,224,223,247,277,269,263,285,261,306,248,232,242,270,232,242,224,262
E08000001,,,Bolton,39,23,21,28,23,31,33,24,24,30,23,40,31,32,38,31,24,25,16,26,29,14
E08000002,,,Bury,23,28,19,12,20,13,12,14,30,14,23,16,9,21,8,14,13,17,20,21,17,16
E08000003,,,Manchester,60,70,38,46,45,30,38,45,48,37,53,66,66,59,54,40,43,61,47,47,48,52
E08000004,,,Oldham,12,28,11,16,16,18,14,16,26,21,24,19,10,23,17,15,18,12,24,17,23,22
E08000005,,,Rochdale,25,29,18,13,23,18,18,11,31,20,21,20,20,23,15,16,20,18,20,25,15,21
E08000006,,,Salford,35,30,20,34,25,31,14,32,27,22,14,27,23,25,21,17,22,25,22,18,14,14
E08000007,,,Stockport,29,21,19,23,26,19,22,27,26,42,28,24,11,39,26,24,17,37,15,20,23,27
E08000008,,,Tameside,25,12,13,17,19,19,30,26,23,26,25,14,31,27,24,24,28,23,22,21,16,30
E08000009,,,Trafford,19,26,11,19,15,15,11,17,13,18,26,16,20,17,17,10,20,20,17,20,18,26
E08000010,,,Wigan,50,34,31,41,45,30,31,35,29,39,26,43,40,40,28,41,37,32,29,27,21,40
E10000017,,Lancashire,,129,145,129,151,141,110,120,116,116,125,129,100,113,129,119,113,84,94,113,93,94,120
E07000117,,,Burnley,11,8,13,11,10,9,3,8,7,11,8,5,3,12,10,7,8,7,11,6,9,9
E07000118,,,Chorley,11,17,17,20,19,12,16,10,8,8,7,8,10,10,21,14,4,5,10,8,6,13
E07000119,,,Fylde,5,8,8,8,4,7,6,10,11,5,9,5,7,3,7,3,5,5,7,6,5,5
E07000120,,,Hyndburn,7,9,11,6,7,7,13,7,12,9,12,9,10,8,6,12,5,7,7,6,11,7
E07000121,,,Lancaster,18,17,16,23,16,17,15,16,15,13,16,12,14,9,9,12,12,6,11,16,10,21
E07000122,,,Pendle,8,10,3,4,12,12,6,8,9,12,11,6,9,11,9,3,5,10,8,10,7,17
E07000123,,,Preston,23,25,18,19,21,10,13,16,21,21,22,14,15,24,12,23,8,15,18,6,14,17
E07000124,,,Ribble Valley,5,4,8,6,4,4,8,7,3,7,2,2,5,8,6,7,5,3,5,2,7,1
E07000125,,,Rossendale,7,6,10,14,10,4,3,11,2,8,7,9,8,14,8,11,6,10,6,3,2,7
E07000126,,,South Ribble,9,13,8,9,10,7,11,11,11,10,18,14,11,8,9,7,12,11,12,9,8,11
E07000127,,,West Lancashire,9,16,8,12,14,14,11,6,7,12,8,10,7,9,11,7,6,8,9,9,4,3
E07000128,,,Wyre,16,12,9,19,14,7,15,6,10,9,9,6,14,13,11,7,8,7,9,12,11,9
E11000002,,Merseyside (Met County),,170,164,138,110,114,150,142,135,141,127,143,121,85,96,91,114,130,138,121,132,132,157
E08000011,,,Knowsley,21,21,10,8,12,20,12,15,7,13,26,8,11,18,7,8,10,12,11,13,12,11
E08000012,,,Liverpool,52,50,54,39,37,50,35,39,45,42,46,39,22,27,21,36,44,57,32,42,41,51
E08000014,,,Sefton,36,29,20,22,22,27,33,27,32,32,24,25,28,18,15,14,23,24,34,25,29,38
E08000013,,,St. Helens,26,32,15,19,17,29,29,25,19,19,23,20,9,16,17,16,11,15,10,13,13,13
E08000015,,,Wirral,35,32,39,22,26,24,33,29,38,21,24,29,15,17,31,40,42,30,34,39,37,44
E12000003,Yorkshire and The Humber,,,592,589,550,660,577,462,469,544,451,502,482,464,380,401,454,425,403,482,472,423,455,444
E06000011,,East Riding of Yorkshire,,36,38,31,46,44,25,31,25,26,27,31,22,21,19,23,24,26,33,29,22,38,35
E06000010,,"Kingston upon Hull, City of",,33,27,24,39,27,31,37,27,28,26,29,28,19,31,25,34,22,33,38,27,26,29
E06000012,,North East Lincolnshire,,20,9,3,16,15,15,10,21,10,14,12,11,19,12,14,11,9,11,22,13,21,11
E06000013,,North Lincolnshire,,14,12,12,19,20,14,10,12,11,13,20,23,6,13,16,8,11,20,13,13,11,14
E06000014,,York,,20,20,29,23,18,20,26,28,16,30,11,18,18,14,23,13,11,15,17,14,12,11
E10000023,,North Yorkshire,,72,45,69,69,70,56,54,62,47,55,58,64,54,53,61,39,54,59,45,59,51,60
E07000163,,,Craven,5,3,7,6,5,4,10,1,5,4,5,4,5,8,5,1,7,6,3,7,7,9
E07000164,,,Hambleton,8,5,14,9,11,9,7,7,10,6,9,11,6,8,10,3,7,6,5,8,12,13
E07000165,,,Harrogate,20,10,16,16,21,18,16,13,12,14,14,14,14,13,23,15,14,17,8,19,9,12
E07000166,,,Richmondshire,4,5,7,9,3,4,5,5,3,4,8,9,3,5,5,0,2,7,2,7,1,6
E07000167,,,Ryedale,7,5,6,5,3,8,3,7,5,6,4,3,6,2,0,5,11,5,3,4,4,2
E07000168,,,Scarborough,18,11,12,14,21,9,11,16,6,17,15,17,14,13,10,10,9,13,18,9,12,14
E07000169,,,Selby,10,6,7,10,6,4,2,13,6,4,3,6,6,4,8,5,4,5,6,5,6,4
E11000003,,South Yorkshire (Met County),,147,157,147,171,132,122,110,142,124,137,105,107,74,93,99,128,100,117,99,116,103,100
E08000016,,,Barnsley,31,37,31,28,23,18,18,29,22,16,35,21,11,27,14,16,10,32,16,21,15,21
E08000017,,,Doncaster,37,45,36,41,35,33,30,22,29,30,24,23,29,23,27,25,26,27,27,31,23,24
E08000018,,,Rotherham,33,27,26,36,26,35,26,46,22,28,24,16,6,12,24,29,21,26,18,25,24,20
E08000019,,,Sheffield,46,48,54,66,48,36,36,45,51,63,22,47,28,31,34,58,43,32,38,39,41,35
E11000006,,West Yorkshire (Met County),,250,281,235,277,251,179,191,227,189,200,216,191,169,166,193,168,170,194,209,159,193,184
E08000032,,,Bradford,50,50,42,40,41,42,32,44,46,58,52,44,45,28,46,41,41,54,43,33,34,44
E08000033,,,Calderdale,28,43,19,32,35,14,19,19,24,28,12,23,21,21,14,14,13,25,24,12,13,30
E08000034,,,Kirklees,42,49,43,35,56,31,30,45,37,26,36,34,31,28,40,28,33,41,43,31,54,32
E08000035,,,Leeds,80,88,83,110,80,71,74,91,55,62,86,67,51,64,62,67,57,51,72,64,62,53
E08000036,,,Wakefield,50,51,48,60,39,21,36,28,27,26,30,23,21,25,31,18,26,23,27,19,30,25
E12000004,East Midlands,,,480,465,396,456,400,341,352,399,426,385,376,365,323,373,334,345,358,367,385,374,364,397
E06000015,,Derby,,31,20,18,20,23,10,18,19,26,20,20,21,17,28,22,30,22,22,16,16,30,16
E06000016,,Leicester,,33,26,30,34,19,18,28,29,22,26,31,25,40,30,36,25,28,32,26,30,20,30
E06000061,,North Northamptonshire,,37,39,24,33,39,25,36,42,30,29,12,30,11,29,15,26,24,25,33,28,19,31
E06000018,,Nottingham,,22,30,21,43,27,29,20,22,25,38,21,26,16,28,23,31,27,34,38,35,20,36
E06000017,,Rutland,,6,1,0,2,1,4,2,3,0,2,4,3,1,2,1,2,3,3,5,5,1,4
E06000062,,West Northamptonshire,,36,43,19,38,30,36,27,31,36,29,34,34,30,29,40,29,27,21,22,36,35,35
E10000007,,Derbyshire,,83,80,87,77,73,49,55,83,87,46,56,50,51,51,39,49,46,54,51,68,64,57
E07000032,,,Amber Valley,18,9,11,8,18,5,11,13,18,9,10,10,10,10,6,6,7,12,4,5,8,7
E07000033,,,Bolsover,5,8,10,6,5,6,3,9,10,5,6,7,3,6,3,8,2,6,2,12,8,3
E07000034,,,Chesterfield,15,13,14,13,9,6,9,16,21,3,5,7,10,5,5,11,7,3,14,9,10,14
E07000035,,,Derbyshire Dales,11,8,11,6,7,6,4,8,8,0,4,1,2,2,4,7,5,4,7,10,5,7
E07000036,,,Erewash,13,17,11,10,10,7,9,8,12,11,11,7,6,12,7,3,4,10,6,10,6,7
E07000037,,,High Peak,8,11,9,12,9,4,6,8,7,4,7,7,4,7,1,4,10,8,6,11,11,8
E07000038,,,North East Derbyshire,7,12,10,13,6,10,4,11,8,7,7,6,6,3,4,4,8,4,4,2,11,3
E07000039,,,South Derbyshire,6,2,11,9,9,5,9,10,3,7,6,5,10,6,9,6,3,7,8,9,5,8
E10000018,,Leicestershire,,63,62,47,55,54,35,62,46,53,65,50,54,39,44,31,30,54,36,48,36,48,45
E07000129,,,Blaby,7,11,5,11,10,7,12,4,5,19,6,10,1,9,8,5,6,4,6,3,8,4
E07000130,,,Charnwood,15,16,11,14,10,5,11,8,12,14,10,17,7,9,8,6,14,10,14,4,13,11
E07000131,,,Harborough,7,10,5,5,9,11,7,10,8,5,5,9,17,8,7,4,5,8,5,7,10,2
E07000132,,,Hinckley and Bosworth,14,2,7,10,8,3,9,4,10,9,4,2,3,4,3,7,12,4,5,9,5,9
E07000133,,,Melton,10,6,4,2,5,2,7,4,3,7,9,4,3,1,0,2,5,2,4,3,2,8
E07000134,,,North West Leicestershire,3,14,11,11,4,5,8,10,8,7,12,10,2,4,3,5,8,7,10,6,4,10
E07000135,,,Oadby and Wigston,7,3,4,2,8,2,8,6,7,4,4,2,6,9,2,1,4,1,4,4,6,1
E10000019,,Lincolnshire,,97,79,89,74,87,63,58,74,67,60,79,61,57,90,61,65,68,73,53,70,63,73
E07000136,,,Boston,12,7,10,8,4,1,7,7,7,10,6,4,6,3,2,7,5,5,7,12,5,13
E07000137,,,East Lindsey,15,21,18,15,19,14,13,16,16,9,15,9,17,27,16,10,18,19,12,14,12,10
E07000138,,,Lincoln,18,13,17,12,20,7,12,13,11,11,14,8,12,14,13,12,11,10,9,13,11,12
E07000139,,,North Kesteven,13,13,11,11,6,9,7,9,8,10,12,16,7,13,10,8,13,6,6,6,9,13
E07000140,,,South Holland,17,12,7,12,8,13,7,7,8,8,8,7,2,9,5,7,5,7,7,9,8,9
E07000141,,,South Kesteven,15,9,13,9,15,11,6,11,10,4,16,7,8,12,8,12,13,14,7,9,11,7
E07000142,,,West Lindsey,7,4,13,7,15,8,6,11,7,8,8,10,5,12,7,9,3,12,5,7,7,9
E10000024,,Nottinghamshire,,72,85,61,80,47,72,46,50,80,70,69,61,61,42,66,58,59,67,93,50,64,70
E07000170,,,Ashfield,10,11,6,15,3,9,9,9,11,8,10,8,13,6,6,9,4,16,16,9,15,14
E07000171,,,Bassetlaw,12,15,14,18,12,20,6,11,17,15,9,13,8,9,9,3,10,10,16,5,8,16
E07000172,,,Broxtowe,9,15,10,7,7,8,6,6,11,6,12,7,7,3,14,6,11,7,9,7,8,8
E07000173,,,Gedling,6,10,6,10,4,8,8,4,12,9,7,6,8,5,15,13,7,7,12,4,6,11
E07000174,,,Mansfield,11,15,8,7,3,10,9,6,9,13,18,6,9,9,5,6,9,9,14,8,10,9
E07000175,,,Newark and Sherwood,15,11,11,13,11,9,2,7,9,10,5,12,9,8,12,14,11,11,14,12,12,9
E07000176,,,Rushcliffe,9,8,6,10,7,8,6,7,11,9,8,9,7,2,5,7,7,7,12,5,5,3
E12000005,West Midlands,,,548,565,546,534,514,500,446,477,571,477,453,433,450,447,466,364,411,426,454,466,465,520
E06000019,,"Herefordshire, County of",,15,16,27,21,16,16,23,20,13,17,18,15,22,16,18,14,20,19,18,12,15,16
E06000051,,Shropshire,,39,31,38,30,28,26,18,23,23,35,32,27,39,32,23,23,28,28,25,37,29,30
E06000021,,Stoke-on-Trent,,29,47,30,29,32,19,23,17,17,33,37,21,29,15,20,22,16,20,18,17,33,30
E06000020,,Telford and Wrekin,,16,19,18,16,11,20,13,19,13,18,21,12,19,14,12,9,18,14,8,17,18,15
E10000028,,Staffordshire,,81,87,91,99,93,74,73,78,81,81,71,83,59,88,79,52,50,50,56,83,70,73
E07000192,,,Cannock Chase,11,9,11,15,15,5,8,8,8,4,8,17,7,13,13,6,9,5,12,13,8,4
E07000193,,,East Staffordshire,11,18,18,15,10,9,10,8,10,12,6,9,3,16,9,5,4,5,3,10,9,13
E07000194,,,Lichfield,12,11,9,14,10,8,8,7,11,8,9,11,4,8,9,5,1,5,1,12,4,11
E07000195,,,Newcastle-under-Lyme,15,17,8,14,15,7,8,14,9,15,12,13,14,8,7,9,6,11,8,12,14,12
E07000196,,,South Staffordshire,6,11,10,11,10,12,6,11,8,8,13,6,6,17,9,6,8,1,3,9,7,7
E07000197,,,Stafford,15,8,19,11,16,21,19,17,15,19,12,13,7,11,15,10,12,16,11,17,14,9
E07000198,,,Staffordshire Moorlands,7,9,8,9,13,5,4,6,9,11,7,7,10,7,10,4,8,5,9,7,10,9
E07000199,,,Tamworth,4,4,8,10,4,7,10,7,11,4,4,7,8,8,7,7,2,2,9,3,4,8
E10000031,,Warwickshire,,44,76,50,46,45,52,55,62,65,48,57,46,53,41,49,37,34,23,48,38,40,60
E07000218,,,North Warwickshire,7,7,7,7,5,5,12,4,7,4,4,5,5,2,4,7,1,1,4,3,4,2
E07000219,,,Nuneaton and Bedworth,14,18,10,13,8,16,12,19,16,10,11,13,10,11,11,9,4,6,6,6,10,18
E07000220,,,Rugby,8,12,10,10,5,8,8,11,5,8,8,6,10,6,4,2,9,5,8,15,7,10
E07000221,,,Stratford-on-Avon,8,20,10,7,15,13,10,13,16,8,12,7,12,12,12,10,8,3,11,6,5,17
E07000222,,,Warwick,7,19,13,9,12,10,13,15,21,18,22,15,16,10,18,9,12,8,19,8,14,13
E11000005,,West Midlands (Met County),,247,209,237,242,231,238,182,207,307,196,159,183,179,191,216,166,199,217,233,201,222,245
E08000025,,,Birmingham,92,84,71,88,74,74,70,61,138,77,57,54,64,68,73,62,71,79,73,73,90,109
E08000026,,,Coventry,23,24,31,34,29,36,13,27,28,28,27,35,27,41,30,22,26,36,29,19,21,29
E08000027,,,Dudley,21,25,37,24,33,30,17,30,31,20,11,21,29,15,25,16,19,20,32,24,18,32
E08000028,,,Sandwell,34,27,34,32,31,26,31,29,28,25,17,25,22,23,28,22,27,14,25,28,32,21
E08000029,,,Solihull,19,18,23,18,30,26,12,14,29,7,9,12,10,8,12,11,12,11,14,10,13,13
E08000030,,,Walsall,34,16,24,25,19,21,19,25,28,19,19,12,14,20,17,18,17,22,30,14,20,22
E08000031,,,Wolverhampton,24,15,17,21,15,25,20,21,25,20,19,24,13,16,31,15,27,35,30,33,28,19
E10000034,,Worcestershire,,77,80,55,51,58,55,59,51,52,49,58,46,50,50,49,41,46,55,48,61,38,51
E07000234,,,Bromsgrove,16,10,5,5,6,8,8,9,9,7,7,6,6,8,5,3,4,12,5,5,4,8
E07000235,,,Malvern Hills,12,13,5,8,6,4,10,4,6,8,3,7,11,8,8,6,5,6,5,7,4,7
E07000236,,,Redditch,9,14,9,10,7,10,9,7,12,8,16,9,5,12,11,8,12,9,9,5,6,12
E07000237,,,Worcester,10,11,14,6,13,9,9,12,6,7,18,8,10,4,8,9,6,5,6,11,5,6
E07000238,,,Wychavon,16,18,17,13,18,14,13,12,9,11,9,9,11,10,8,8,10,16,13,14,8,4
E07000239,,,Wyre Forest,14,14,5,9,8,10,10,7,10,8,5,7,7,8,9,7,9,7,10,19,11,14
E12000006,East,,,537,449,518,626,614,468,526,494,520,456,440,483,445,423,489,423,424,448,453,450,468,438
E06000055,,Bedford,,22,20,18,14,23,11,19,12,9,11,16,15,16,12,12,13,11,13,16,11,20,10
E06000056,,Central Bedfordshire,,29,15,19,22,25,12,30,12,11,16,20,10,24,16,12,16,11,18,19,11,18,13
E06000032,,Luton,,20,12,14,17,8,10,16,21,11,8,10,12,16,13,20,16,15,15,18,16,19,12
E06000031,,Peterborough,,27,15,17,26,20,17,24,18,12,12,24,20,21,14,20,19,14,10,22,14,22,24
E06000033,,Southend-on-Sea,,11,14,16,28,18,17,12,18,21,14,7,12,16,20,24,22,20,18,17,16,20,24
E06000034,,Thurrock,,8,5,14,7,10,8,23,19,15,13,7,13,14,5,8,4,9,8,11,10,14,8
E10000003,,Cambridgeshire,,58,58,49,73,66,39,45,48,51,56,46,43,38,50,57,54,49,41,44,45,56,38
E07000008,,,Cambridge,17,16,7,19,8,11,9,7,10,9,14,8,11,10,12,15,18,6,15,12,15,13
E07000009,,,East Cambridgeshire,6,9,7,11,7,5,1,6,4,6,7,5,4,5,6,9,4,5,2,6,4,4
E07000010,,,Fenland,13,11,13,10,14,8,6,11,13,8,10,5,10,11,16,12,7,8,4,7,12,6
E07000011,,,Huntingdonshire,14,9,13,12,20,7,8,12,14,16,10,14,8,12,9,11,15,14,8,6,9,9
E07000012,,,South Cambridgeshire,8,13,9,21,17,8,21,12,10,17,5,11,5,12,14,7,5,8,15,14,16,6
E10000012,,Essex,,112,96,137,185,167,149,134,135,141,118,121,150,114,92,105,92,120,112,96,99,91,102
E07000066,,,Basildon,7,10,18,18,24,13,16,18,11,10,17,15,9,12,13,11,17,5,10,15,13,13
E07000067,,,Braintree,8,8,18,22,14,14,10,20,17,13,16,16,13,6,9,9,14,13,9,10,9,13
E07000068,,,Brentwood,3,6,10,14,8,7,4,5,7,7,6,8,5,5,4,5,8,3,7,3,5,3
E07000069,,,Castle Point,7,3,7,6,6,5,7,7,8,6,5,2,0,9,9,4,5,2,2,7,6,2
E07000070,,,Chelmsford,15,9,15,20,22,26,11,17,9,11,10,16,9,16,10,13,15,13,10,6,7,7
E07000071,,,Colchester,16,14,18,44,20,30,17,18,21,22,16,22,13,14,16,11,15,17,15,15,11,10
E07000072,,,Epping Forest,13,12,13,5,8,5,10,3,12,6,12,15,13,4,9,8,19,9,7,10,8,17
E07000073,,,Harlow,4,6,8,8,21,11,15,7,11,6,12,13,19,3,4,5,5,10,10,9,5,8
E07000074,,,Maldon,7,6,5,6,10,7,14,5,6,6,4,10,4,4,6,4,5,3,5,3,2,6
E07000075,,,Rochford,7,5,5,6,8,4,7,8,8,7,3,3,6,9,7,7,2,5,3,4,6,8
E07000076,,,Tendring,20,12,9,27,20,20,18,22,20,17,13,23,14,3,9,13,11,22,12,10,12,13
E07000077,,,Uttlesford,5,5,11,9,6,7,5,5,11,7,7,7,9,7,9,2,4,10,6,7,7,2
E10000015,,Hertfordshire,,81,56,77,105,102,76,64,74,71,52,71,64,62,70,74,69,57,80,65,95,75,70
E07000095,,,Broxbourne,7,6,4,6,13,5,3,11,4,3,5,7,7,5,4,5,3,7,4,7,1,7
E07000096,,,Dacorum,14,8,9,17,10,9,10,12,7,12,13,9,9,11,13,6,7,11,5,9,15,10
E07000242,,,East Hertfordshire,8,10,10,13,9,11,5,5,11,5,8,11,7,5,5,14,4,6,8,9,2,11
E07000098,,,Hertsmere,7,5,11,15,8,10,5,7,6,3,10,4,4,6,9,5,7,7,5,13,8,3
E07000099,,,North Hertfordshire,12,7,6,11,10,11,9,4,12,4,6,5,11,8,15,9,4,9,8,5,11,13
E07000240,,,St Albans,11,7,10,13,14,6,8,8,11,7,4,10,4,11,3,10,9,13,11,14,13,3
E07000243,,,Stevenage,6,3,7,11,8,3,5,4,2,1,4,2,5,5,8,5,4,6,8,10,9,3
E07000102,,,Three Rivers,6,3,8,5,8,6,7,4,5,6,4,7,6,6,1,3,3,5,7,5,4,5
E07000103,,,Watford,1,2,3,5,12,6,8,6,4,7,2,5,3,5,9,6,10,7,3,11,4,6
E07000241,,,Welwyn Hatfield,9,5,9,9,10,9,4,13,9,4,15,4,6,8,7,6,6,9,6,12,8,9
E10000020,,Norfolk,,92,91,76,89,108,68,94,89,112,89,64,73,64,65,80,52,66,74,91,73,74,75
E07000143,,,Breckland,11,13,12,15,20,11,11,13,8,6,18,10,6,8,7,11,16,10,12,14,14,13
E07000144,,,Broadland,17,11,9,8,13,11,19,8,11,18,7,4,3,10,14,3,6,12,15,8,9,6
E07000145,,,Great Yarmouth,15,12,10,4,9,6,9,13,17,16,5,10,9,16,5,1,2,8,10,5,6,6
E07000146,,,King’s Lynn and West Norfolk,12,10,13,22,20,7,10,15,30,9,12,16,14,5,18,9,16,14,17,15,12,19
E07000147,,,North Norfolk,8,17,14,13,12,9,14,9,12,8,3,7,4,5,8,3,6,8,9,11,10,10
E07000148,,,Norwich,19,13,13,20,22,17,20,16,19,24,10,16,16,13,16,13,12,13,15,14,11,12
E07000149,,,South Norfolk,10,15,5,7,12,7,11,15,15,8,9,10,12,8,12,12,8,9,13,6,12,9
E10000029,,Suffolk,,77,67,81,60,67,61,65,48,66,67,54,71,60,66,77,66,52,59,54,60,59,62
E07000200,,,Babergh,6,4,8,9,6,11,9,4,8,6,3,9,6,6,9,5,7,7,7,6,9,5
E07000244,,,East Suffolk,37,21,34,22,19,22,21,19,24,18,15,19,14,20,25,31,22,17,27,19,22,22
E07000202,,,Ipswich,8,16,10,12,12,13,15,7,10,22,14,16,14,12,13,11,10,12,5,15,15,9
E07000203,,,Mid Suffolk,8,8,12,10,12,8,8,9,9,5,7,11,6,8,14,7,3,10,6,7,3,12
E07000245,,,West Suffolk,18,18,17,7,18,7,12,9,15,16,15,16,20,20,16,12,10,13,9,13,10,14
E12000007,London,,,536,520,543,616,661,568,580,735,552,516,577,585,574,570,591,549,588,620,627,658,629,629
E13000001,,Inner London,,214,224,246,248,258,258,225,295,252,239,252,245,232,255,272,261,269,291,305,306,298,308
E09000007,,,Camden,19,9,27,19,30,20,15,20,23,18,12,18,14,20,24,33,25,27,38,30,25,25
E09000001,,,City of London,1,0,1,2,1,1,0,1,2,1,1,3,1,0,1,0,2,0,1,1,0,1
E09000012,,,Hackney,23,17,26,13,18,22,18,24,10,25,16,13,24,27,31,18,24,17,20,17,18,28
E09000013,,,Hammersmith and Fulham,7,34,20,16,20,14,17,19,9,14,19,14,18,11,21,19,14,24,19,12,17,22
E09000014,,,Haringey,13,13,15,22,18,25,12,27,31,15,28,21,22,23,23,21,18,21,18,25,21,27
E09000019,,,Islington,21,14,13,14,18,22,13,18,16,27,12,13,28,19,24,17,26,27,36,26,30,25
E09000020,,,Kensington and Chelsea,10,17,15,11,13,14,14,12,12,13,12,9,10,13,11,11,13,19,20,17,17,18
E09000022,,,Lambeth,21,9,10,26,15,22,21,33,19,16,22,24,10,26,21,17,29,22,25,29,23,27
E09000023,,,Lewisham,16,17,18,27,24,17,25,20,15,22,23,24,15,18,22,13,10,24,22,19,24,17
E09000025,,,Newham,14,20,23,11,21,24,19,25,23,16,21,15,15,27,19,15,22,16,21,23,12,22
E09000028,,,Southwark,17,13,23,34,17,19,14,32,31,15,23,18,21,22,20,24,22,24,24,33,26,20
E09000030,,,Tower Hamlets,19,25,16,17,30,20,20,20,23,24,21,14,20,12,18,33,24,10,19,18,27,22
E09000032,,,Wandsworth,19,21,18,21,22,23,23,24,21,19,19,31,15,21,16,16,24,26,20,30,31,24
E09000033,,,Westminster,14,15,21,15,11,15,14,20,17,14,23,28,19,16,21,24,16,34,22,26,27,30
E13000002,,Outer London,,322,296,297,368,403,310,355,440,300,277,325,340,342,315,319,288,319,329,322,352,331,321
E09000002,,,Barking and Dagenham,11,17,14,13,8,11,10,11,13,8,13,10,6,14,16,14,6,6,8,8,12,12
E09000003,,,Barnet,15,10,18,22,18,26,23,36,32,16,20,22,29,18,17,28,22,24,21,25,23,23
E09000004,,,Bexley,12,12,13,22,18,17,17,17,14,25,18,16,15,10,12,15,22,12,20,18,14,15
E09000005,,,Brent,15,16,14,17,28,16,20,28,25,21,18,20,20,23,21,19,17,14,18,22,20,23
E09000006,,,Bromley,25,13,7,23,22,19,15,21,28,19,25,22,22,15,26,19,22,17,24,25,22,24
E09000008,,,Croydon,20,20,16,26,42,25,26,19,36,22,25,21,19,15,10,24,39,25,20,26,20,18
E09000009,,,Ealing,34,25,25,33,33,12,31,42,12,14,22,40,32,26,21,22,22,38,26,23,33,17
E09000010,,,Enfield,11,12,18,14,17,19,17,21,13,22,15,14,18,17,21,6,10,20,21,24,25,29
E09000011,,,Greenwich,19,14,12,21,25,13,13,29,14,7,14,19,14,24,17,19,27,26,18,16,14,18
E09000015,,,Harrow,10,12,12,10,11,12,20,21,13,11,9,15,9,14,15,17,12,15,17,15,20,18
E09000016,,,Havering,23,23,20,14,19,14,18,15,19,13,14,21,19,15,16,13,14,10,7,14,14,11
E09000017,,,Hillingdon,17,24,19,27,36,11,27,45,8,20,22,20,20,22,23,13,21,17,16,32,23,24
E09000018,,,Hounslow,14,17,19,27,30,14,25,29,6,8,23,13,20,27,22,21,19,18,22,10,22,16
E09000021,,,Kingston upon Thames,8,11,7,18,17,12,16,12,4,7,10,12,8,9,12,6,7,16,18,8,14,7
E09000024,,,Merton,13,10,18,9,11,18,20,13,11,13,18,14,14,11,16,11,9,19,13,18,12,14
E09000026,,,Redbridge,27,21,17,19,15,18,17,28,15,15,14,18,21,18,16,11,12,14,18,23,14,12
E09000027,,,Richmond upon Thames,21,8,15,14,21,11,12,16,6,9,9,15,20,9,11,4,15,7,13,14,6,12
E09000029,,,Sutton,8,14,18,24,15,15,10,14,11,11,17,13,12,16,15,12,10,20,4,16,6,8
E09000031,,,Waltham Forest,19,17,15,15,17,27,18,23,20,16,19,15,24,12,12,14,13,11,18,15,17,20
E12000008,South East,,,858,848,851,859,720,720,754,756,794,820,716,724,683,721,666,622,671,694,701,698,723,698
E06000036,,Bracknell Forest,,6,8,9,11,5,12,10,10,5,10,5,14,5,10,6,1,7,9,7,4,9,6
E06000043,,Brighton and Hove,,45,39,36,38,28,42,35,36,32,40,27,38,26,35,37,31,46,33,36,47,37,45
E06000060,,Buckinghamshire,,52,49,57,51,45,33,33,34,30,49,44,37,49,35,41,28,28,45,33,29,32,36
E06000046,,Isle of Wight,,13,20,14,14,15,12,12,17,21,13,16,9,18,20,18,15,13,13,13,24,20,19
E06000035,,Medway,,21,33,23,20,19,19,27,22,30,31,20,14,14,19,14,22,23,21,20,13,22,17
E06000042,,Milton Keynes,,21,38,26,27,14,22,16,13,18,23,19,13,22,18,15,23,12,14,12,10,20,7
E06000044,,Portsmouth,,21,19,12,25,18,25,25,17,28,30,10,28,9,16,10,16,23,9,17,22,19,19
E06000038,,Reading,,15,17,12,20,13,5,10,18,12,14,13,10,7,11,17,14,11,11,19,14,11,20
E06000039,,Slough,,12,16,7,8,17,6,15,9,15,11,14,10,11,6,10,8,12,10,7,12,12,11
E06000045,,Southampton,,26,24,18,21,27,24,27,29,26,28,32,20,32,18,27,7,20,31,22,15,21,21
E06000037,,West Berkshire,,6,11,16,21,6,13,16,6,5,18,13,11,13,10,11,8,8,20,14,10,10,8
E06000040,,Windsor and Maidenhead,,15,9,10,12,11,9,13,11,11,5,9,15,5,6,11,9,11,13,8,6,11,8
E06000041,,Wokingham,,14,6,9,11,8,10,11,14,6,5,11,5,8,12,10,8,7,6,7,3,9,9
E10000011,,East Sussex,,55,58,55,66,63,67,67,56,61,55,54,65,54,48,44,42,54,58,62,57,58,48
E07000061,,,Eastbourne,10,17,18,16,13,11,17,17,8,9,11,13,12,14,12,8,12,14,20,14,15,15
E07000062,,,Hastings,19,8,9,12,13,12,13,6,11,15,15,14,13,7,10,10,8,11,16,11,10,10
E07000063,,,Lewes,8,10,8,12,12,11,10,7,10,14,6,14,9,10,12,8,12,6,8,13,9,8
E07000064,,,Rother,9,6,8,10,8,16,12,8,11,6,6,8,7,4,4,7,6,15,8,8,9,8
E07000065,,,Wealden,9,17,12,16,17,17,15,18,21,11,16,16,13,13,6,9,16,12,10,11,15,7
E10000014,,Hampshire,,122,113,95,113,101,98,88,98,117,98,110,107,99,126,94,85,80,78,84,90,100,91
E07000084,,,Basingstoke and Deane,10,9,14,10,7,8,14,12,16,8,20,15,13,18,12,17,7,10,10,12,18,12
E07000085,,,East Hampshire,11,13,8,14,11,9,8,6,19,11,10,8,9,7,7,3,5,4,12,6,5,7
E07000086,,,Eastleigh,14,7,14,12,12,8,10,2,7,7,7,8,7,6,12,9,10,8,5,16,12,11
E07000087,,,Fareham,6,9,6,7,8,9,6,8,4,14,10,6,5,12,7,6,9,3,5,5,12,7
E07000088,,,Gosport,7,8,7,9,6,11,6,11,5,7,2,7,4,15,3,4,2,8,6,6,6,6
E07000089,,,Hart,8,8,7,7,2,5,9,6,8,4,10,7,5,4,3,0,3,5,2,4,2,6
E07000090,,,Havant,12,11,13,7,12,9,7,7,12,9,7,12,9,18,5,4,11,6,6,6,13,7
E07000091,,,New Forest,15,14,8,16,12,12,8,9,16,14,14,14,14,11,17,13,5,7,11,15,10,7
E07000092,,,Rushmoor,10,10,3,7,9,9,5,12,7,9,10,10,15,9,6,7,11,13,7,8,4,10
E07000093,,,Test Valley,16,12,8,11,6,10,9,15,11,9,10,11,9,11,10,9,8,9,11,8,14,5
E07000094,,,Winchester,13,12,7,13,16,8,6,10,12,6,10,9,9,15,12,13,9,5,9,4,4,13
E10000016,,Kent,,176,149,174,156,137,128,143,153,165,151,125,119,100,132,88,126,113,125,128,135,117,124
E07000105,,,Ashford,15,16,21,7,8,8,11,8,14,14,5,7,7,7,4,9,7,11,3,9,13,7
E07000106,,,Canterbury,15,17,14,19,16,20,16,14,14,16,10,10,10,14,9,10,13,14,14,12,12,11
E07000107,,,Dartford,13,2,12,9,12,8,7,13,11,11,7,9,5,9,2,7,7,8,9,5,10,8
E07000108,,,Dover,17,9,17,13,9,14,10,7,14,6,17,13,9,11,10,14,6,15,17,11,6,18
E07000112,,,Folkestone and Hythe,12,8,13,12,11,12,11,13,16,12,8,12,10,9,2,8,8,13,5,17,11,9
E07000109,,,Gravesham,11,8,9,12,13,10,7,11,15,11,8,9,8,7,6,12,6,7,12,15,8,13
E07000110,,,Maidstone,18,16,18,26,8,9,11,11,16,15,16,9,7,15,11,8,13,14,12,13,15,14
E07000111,,,Sevenoaks,7,17,12,7,8,6,9,6,15,11,15,9,7,9,3,9,10,4,12,8,9,5
E07000113,,,Swale,22,19,13,10,11,15,15,17,16,19,10,7,11,15,9,10,15,9,17,9,4,6
E07000114,,,Thanet,18,14,18,21,18,10,23,22,13,9,14,17,8,13,11,17,11,8,14,14,9,20
E07000115,,,Tonbridge and Malling,18,13,16,13,8,8,13,13,7,18,8,10,11,14,7,11,7,8,6,8,6,5
E07000116,,,Tunbridge Wells,10,10,11,7,15,8,10,18,14,9,7,7,7,9,14,11,10,14,7,14,14,8
E10000025,,Oxfordshire,,60,65,59,57,42,63,50,51,55,58,48,59,55,49,71,49,72,40,56,41,68,55
E07000177,,,Cherwell,18,16,9,13,7,18,10,14,14,11,12,14,12,9,13,7,11,5,16,6,19,10
E07000178,,,Oxford,12,9,12,9,11,12,9,11,12,13,10,12,15,12,19,14,22,14,16,10,16,21
E07000179,,,South Oxfordshire,8,13,9,16,7,11,11,4,14,13,7,11,12,8,15,14,11,12,10,8,11,10
E07000180,,,Vale of White Horse,7,18,13,13,11,9,11,7,8,13,10,14,4,14,13,8,17,4,8,9,11,12
E07000181,,,West Oxfordshire,15,9,16,6,6,13,9,15,7,8,9,8,12,6,11,6,11,5,6,8,11,2
E10000030,,Surrey,,83,88,130,98,84,73,92,81,87,112,78,88,99,105,78,74,66,91,78,90,78,74
E07000207,,,Elmbridge,8,10,12,12,9,7,12,10,14,11,6,9,12,12,9,7,8,13,10,6,6,10
E07000208,,,Epsom and Ewell,5,6,9,11,9,9,3,4,6,8,4,9,5,4,4,6,5,6,3,3,9,2
E07000209,,,Guildford,12,8,17,13,13,9,13,6,5,18,4,7,12,13,7,8,8,14,8,16,8,11
E07000210,,,Mole Valley,6,11,13,6,8,6,8,5,8,8,8,10,8,13,8,7,2,6,9,2,4,5
E07000211,,,Reigate and Banstead,10,17,14,14,9,7,14,16,8,8,11,10,10,8,10,12,8,11,13,14,10,5
E07000212,,,Runnymede,6,5,7,7,5,6,6,8,7,14,6,6,6,8,5,4,4,4,9,5,5,3
E07000213,,,Spelthorne,4,7,5,10,5,2,6,5,15,11,8,9,4,9,11,6,9,7,6,10,8,13
E07000214,,,Surrey Heath,5,6,12,3,6,7,6,6,7,10,7,5,8,5,7,5,6,8,3,10,7,4
E07000215,,,Tandridge,5,4,10,6,7,4,7,4,2,12,4,9,5,10,5,5,2,5,5,5,6,6
E07000216,,,Waverley,8,7,16,8,8,8,10,10,6,6,12,7,19,15,9,5,8,5,7,8,8,8
E07000217,,,Woking,14,7,15,8,5,8,7,7,9,6,8,7,10,8,3,9,6,12,5,11,7,7
E10000032,,West Sussex,,95,86,89,90,67,59,64,81,70,69,68,62,57,45,64,56,65,67,78,76,69,80
E07000223,,,Adur,7,3,7,7,8,2,6,5,9,2,5,5,5,5,4,6,6,9,6,7,4,8
E07000224,,,Arun,18,12,17,22,14,10,14,14,13,10,16,15,10,11,13,11,6,10,13,14,20,18
E07000225,,,Chichester,13,13,14,11,13,8,6,14,11,10,7,8,2,6,11,11,10,12,13,8,7,10
E07000226,,,Crawley,12,14,12,10,5,10,6,12,6,10,12,8,17,2,8,7,11,9,8,5,13,11
E07000227,,,Horsham,18,14,10,14,7,12,15,12,15,12,11,19,7,4,11,11,11,4,8,9,6,8
E07000228,,,Mid Sussex,20,17,14,13,11,7,6,17,6,15,6,6,5,5,10,3,6,13,18,13,12,7
E07000229,,,Worthing,7,13,15,13,9,10,11,7,10,10,11,1,11,12,7,7,15,10,12,20,7,18
E12000009,South West,,,613,630,559,590,566,510,543,494,536,560,519,516,496,514,442,416,459,453,490,452,452,464
E06000022,,Bath and North East Somerset,,10,18,16,14,24,13,15,20,12,21,15,18,13,10,14,13,4,7,11,11,13,13
E06000058,,"Bournemouth, Christchurch and Poole",,67,43,43,47,41,50,36,41,33,33,30,41,41,32,45,28,39,29,34,36,40,47
E06000023,,"Bristol, City of",,60,46,42,52,48,38,39,42,59,46,32,51,43,32,45,44,35,44,23,33,24,30
E06000052,,Cornwall,,86,73,75,56,67,64,78,71,85,65,61,63,49,50,54,55,55,62,84,59,65,59
E06000059,,Dorset,,35,45,33,41,47,35,41,37,19,46,39,25,35,34,27,32,31,28,37,24,24,33
E06000053,,Isles of Scilly,,0,0,0,0,0,0,0,0,1,0,0,0,1,0,0,0,0,0,1,0,0,0
E06000024,,North Somerset,,18,17,15,19,19,20,20,15,20,13,26,17,30,18,26,14,17,8,9,17,12,13
E06000026,,Plymouth,,20,28,13,35,25,24,19,21,24,27,33,24,23,36,22,19,29,13,24,19,16,27
E06000025,,South Gloucestershire,,26,20,19,21,20,26,9,19,24,22,20,18,17,18,15,14,14,11,8,14,11,15
E06000030,,Swindon,,16,26,23,17,12,14,20,12,20,21,26,11,19,16,12,8,14,11,20,24,25,17
E06000027,,Torbay,,19,21,18,19,24,21,22,14,15,19,14,13,10,18,14,13,20,11,18,21,20,19
E06000054,,Wiltshire,,45,59,55,36,33,35,46,35,35,46,31,36,33,48,24,39,30,46,37,27,44,27
E10000008,,Devon,,107,95,75,93,87,73,74,69,81,71,84,76,62,80,56,57,62,77,78,56,68,68
E07000040,,,East Devon,18,20,9,12,11,11,9,11,13,15,12,13,9,19,7,6,12,13,15,15,11,9
E07000041,,,Exeter,16,13,13,18,20,13,16,15,14,12,8,13,11,13,5,7,10,14,9,7,16,9
E07000042,,,Mid Devon,12,11,7,14,13,4,9,5,8,5,1,12,5,9,5,8,1,6,6,4,7,7
E07000043,,,North Devon,15,11,8,9,7,12,12,9,14,10,12,11,6,8,7,10,7,8,8,4,5,10
E07000044,,,South Hams,14,6,11,6,5,7,4,7,6,8,13,8,5,7,6,8,9,10,15,11,10,9
E07000045,,,Teignbridge,14,16,18,15,23,14,11,11,13,12,20,8,16,17,13,9,6,13,16,8,8,13
E07000046,,,Torridge,10,6,7,11,5,7,8,5,9,7,12,9,6,4,6,4,13,5,5,3,9,6
E07000047,,,West Devon,8,12,2,8,3,5,5,6,4,2,6,2,4,3,7,5,4,8,4,4,2,5
E10000013,,Gloucestershire,,59,61,64,67,54,49,69,45,62,64,70,73,70,73,45,41,53,58,61,61,45,52
E07000078,,,Cheltenham,10,7,12,14,5,11,14,9,13,10,12,16,13,21,5,4,13,17,9,16,8,12
E07000079,,,Cotswold,6,12,7,13,8,5,12,9,8,4,9,9,6,11,10,5,9,9,9,4,8,3
E07000080,,,Forest of Dean,12,14,5,11,9,8,9,7,10,12,5,6,15,11,5,4,5,5,3,8,5,7
E07000081,,,Gloucester,10,12,21,11,15,7,22,9,14,16,17,14,16,16,10,15,9,8,20,11,12,15
E07000082,,,Stroud,15,13,11,11,10,12,9,8,12,8,15,20,9,7,6,8,12,14,9,10,7,10
E07000083,,,Tewkesbury,6,3,8,7,7,6,3,3,5,14,12,8,11,7,9,5,5,5,11,12,5,5
E10000027,,Somerset,,45,78,68,73,65,48,55,53,46,66,38,50,50,49,43,39,56,48,45,50,45,44
E07000187,,,Mendip,12,14,19,6,12,7,13,9,9,18,14,6,9,3,8,7,12,11,6,10,10,9
E07000188,,,Sedgemoor,12,18,10,15,14,15,13,9,12,10,5,6,14,12,9,9,16,10,10,11,3,10
E07000246,,,Somerset West and Taunton,8,23,28,27,19,11,19,20,15,20,9,16,11,18,10,15,18,20,14,20,14,11
E07000189,,,South Somerset,13,23,11,25,20,15,10,15,10,18,10,22,16,16,16,8,10,7,15,9,18,14
W92000004,Wales,,,339,347,285,330,349,360,322,350,247,393,334,341,288,258,267,290,300,270,330,334,305,312
W06000001,,,Isle of Anglesey / Ynys Môn,8,9,5,6,9,9,7,12,5,6,8,4,8,8,12,8,3,4,8,7,6,5
W06000002,,,Gwynedd / Gwynedd,16,15,10,12,12,23,15,10,12,13,21,13,12,8,10,4,9,8,13,16,9,9
W06000003,,,Conwy / Conwy,13,13,7,11,13,11,10,8,9,7,11,12,15,10,20,13,20,12,18,15,19,15
W06000004,,,Denbighshire / Sir Ddinbych,7,11,10,16,10,6,11,9,5,10,12,10,14,12,5,9,14,13,17,8,13,7
W06000005,,,Flintshire / Sir y Fflint,18,10,7,21,19,16,13,13,15,15,15,12,14,19,11,14,16,13,20,17,13,15
W06000006,,,Wrexham / Wrecsam,17,21,13,19,15,11,12,12,11,13,8,14,14,13,18,14,15,15,15,13,10,8
W06000023,,,Powys / Powys,19,21,14,19,11,20,20,21,12,15,19,19,19,9,4,6,10,19,10,15,8,22
W06000008,,,Ceredigion / Ceredigion,6,10,10,15,12,6,7,8,6,14,6,7,4,7,3,2,9,7,9,11,11,7
W06000009,,,Pembrokeshire / Sir Benfro,25,9,8,14,14,18,18,19,8,15,14,8,4,2,4,10,8,13,12,12,17,17
W06000010,,,Carmarthenshire / Sir Gaerfyrddin,14,13,18,22,23,24,25,22,9,32,27,17,20,13,25,22,22,20,24,27,17,27
W06000011,,,Swansea / Abertawe,24,32,35,27,23,36,28,18,14,30,30,20,18,23,21,29,26,15,19,36,28,27
W06000012,,,Neath Port Talbot / Castell-nedd Port Talbot,18,9,15,16,19,18,22,19,11,29,16,18,13,25,19,18,14,22,16,20,18,21
W06000013,,,Bridgend / Pen-y-bont ar Ogwr,10,18,12,13,26,21,11,22,15,20,17,37,20,4,11,20,20,11,16,18,16,10
W06000014,,,Vale of Glamorgan / Bro Morgannwg,5,21,7,13,13,15,11,24,14,17,10,14,12,8,10,14,6,11,12,7,12,11
W06000015,,,Cardiff / Caerdydd,28,34,25,29,34,35,33,34,39,41,36,28,41,32,28,42,33,21,36,32,28,28
W06000016,,,Rhondda Cynon Taf / Rhondda Cynon Taf,17,34,19,29,33,34,19,20,25,35,31,46,27,22,18,24,18,19,24,24,25,33
W06000024,,,Merthyr Tydfil / Merthyr Tudful,7,11,7,9,8,7,5,13,7,8,5,7,6,3,4,4,10,7,6,9,6,4
W06000018,,,Caerphilly / Caerffili,31,18,16,18,15,19,11,16,15,23,12,18,9,14,17,9,15,9,21,21,15,14
W06000019,,,Blaenau Gwent / Blaenau Gwent,10,12,6,9,7,5,9,9,2,17,10,10,2,7,7,3,3,5,11,4,9,4
W06000020,,,Torfaen / Tor-faen,8,7,5,0,5,7,12,9,4,3,6,8,6,7,7,13,6,7,8,9,6,10
W06000021,,,Monmouthshire / Sir Fynwy,15,4,18,4,9,7,11,16,2,13,9,7,3,6,6,6,10,4,8,6,7,6
W06000022,,,Newport / Casnewydd,23,15,18,8,19,12,12,16,7,17,11,12,7,6,7,6,13,15,7,7,12,12
J99000001,Non-residents of England and Wales,,,19,17,27,45,50,29,44,29,29,25,40,21,29,27,40,24,29,25,31,34,17,27